{"cameraMode":{"drawMode":0,"name":"Shaded","section":"Shading Mode"},"sceneLighting":true,"audioPlay":false,"sceneViewState":{"showFog":true,"showMaterialUpdate":true,"showSkybox":true,"showFlares":true,"showImageEffects":true,"showParticleSystems":true},"in2DMode":false,"pivot":{"x":99.92483520507813,"y":-0.209320068359375,"z":51.12909698486328},"rotation":{"x":-0.2931782603263855,"y":0.2230229526758194,"z":-0.07053347676992417,"w":-0.9270058870315552},"size":123.74590301513672,"orthographic":false}