{"cameraMode":{"drawMode":0,"name":"Shaded","section":"Shading Mode"},"sceneLighting":true,"audioPlay":false,"sceneViewState":{"showFog":true,"showMaterialUpdate":true,"showSkybox":true,"showFlares":true,"showImageEffects":true,"showParticleSystems":true},"in2DMode":false,"pivot":{"x":421.3773193359375,"y":117.37802124023438,"z":1.60986328125},"rotation":{"x":0.004190374165773392,"y":0.0005971016362309456,"z":0.0000025508313683531016,"w":-0.9999917149543762},"size":398.730712890625,"orthographic":false}