{"cameraMode":{"drawMode":0,"name":"Shaded","section":"Shading Mode"},"sceneLighting":true,"audioPlay":false,"sceneViewState":{"showFog":true,"showMaterialUpdate":true,"showSkybox":true,"showFlares":true,"showImageEffects":true,"showParticleSystems":true},"in2DMode":false,"pivot":{"x":138.89723205566407,"y":216.3072967529297,"z":0.443115234375},"rotation":{"x":0.004190374165773392,"y":0.0005971016362309456,"z":0.0000025508313683531016,"w":-0.9999917149543762},"size":197.16009521484376,"orthographic":false}