{"cameraMode":{"drawMode":0,"name":"Shaded","section":"Shading Mode"},"sceneLighting":true,"audioPlay":false,"sceneViewState":{"showFog":true,"showMaterialUpdate":true,"showSkybox":true,"showFlares":true,"showImageEffects":true,"showParticleSystems":true},"in2DMode":false,"pivot":{"x":3.7375025749206545,"y":3.803741455078125,"z":14.384428024291993},"rotation":{"x":-0.6037536859512329,"y":0.013627914711833,"z":-0.01032302901148796,"w":-0.7969932556152344},"size":28.721506118774415,"orthographic":false}